library,version_id,count
org.apache.lucene.morpholgydictionary-reader,0.7,1
org.apache.lucene.morpholgyenglish,0.7,2
org.apache.lucene.morpholgyenglish,0.7.1,1
org.apache.lucene.morpholgyenglish,0.8,1
org.apache.lucene.morpholgyenglish,0.9,1
org.apache.lucene.morpholgymorph,0.7,6
org.apache.lucene.morpholgymorph,0.7.1,2
org.apache.lucene.morpholgymorph,0.8,2
org.apache.lucene.morpholgymorph,0.9,2
org.apache.lucene.morpholgyrussian,0.7,2
org.apache.lucene.morpholgyrussian,0.7.1,1
org.apache.lucene.morpholgyrussian,0.8,1
org.apache.lucene.morpholgyrussian,0.9,1
org.apache.lucene.morphologyenglish,0.7,1
org.apache.lucene.morphologyenglish,0.8,2
org.apache.lucene.morphologyenglish,0.9,1
org.apache.lucene.morphologyenglish,1.0,2
org.apache.lucene.morphologyenglish,1.1,2
org.apache.lucene.morphologyenglish,1.2,1
org.apache.lucene.morphologyenglish,1.3,1
org.apache.lucene.morphologyenglish,1.4,1
org.apache.lucene.morphologyenglish,1.5,1
org.apache.lucene.morphologymorph,0.7,2
org.apache.lucene.morphologymorph,0.8,4
org.apache.lucene.morphologymorph,0.9,2
org.apache.lucene.morphologymorph,1.0,4
org.apache.lucene.morphologymorph,1.1,4
org.apache.lucene.morphologymorph,1.2,2
org.apache.lucene.morphologymorph,1.3,2
org.apache.lucene.morphologymorph,1.4,2
org.apache.lucene.morphologymorph,1.5,2
org.apache.lucene.morphologyrussian,0.7,1
org.apache.lucene.morphologyrussian,0.8,2
org.apache.lucene.morphologyrussian,0.9,1
org.apache.lucene.morphologyrussian,1.0,2
org.apache.lucene.morphologyrussian,1.1,2
org.apache.lucene.morphologyrussian,1.2,1
org.apache.lucene.morphologyrussian,1.3,1
org.apache.lucene.morphologyrussian,1.4,1
org.apache.lucene.morphologyrussian,1.5,1
org.apache.luceneTurkishAnalysis,6.3.0,1
org.apache.luceneTurkishAnalysis,6.6.0,1
org.apache.luceneTurkishAnalysis,6.6.1,1
org.apache.luceneTurkishAnalysis,7.3.0,1
org.apache.luceneTurkishAnalysis,7.4.0,1
org.apache.luceneTurkishAnalysis,8.2.0,1
org.apache.lucenearirang.lucene-analyzer,5.0,1
org.apache.lucenearirang.lucene-analyzer,6.0,1
org.apache.lucenelucene-5205,1.0,1
org.apache.lucenelucene-5205,5.3.1,1
org.apache.lucenelucene-5205,5.4.1,1
org.apache.lucenelucene-5205,6.0.1,1
org.apache.lucenelucene-5205,6.1.1,1
org.apache.lucenelucene-5317,1.0,1
org.apache.lucenelucene-analysis-common,9.0.0,5
org.apache.lucenelucene-analysis-common,9.1,1
org.apache.lucenelucene-analysis-common,9.1.0,3
org.apache.lucenelucene-analysis-common,9.2.0,3
org.apache.lucenelucene-analysis-common,9.3.0,7
org.apache.lucenelucene-analysis-common,9.4.0,2
org.apache.lucenelucene-analysis-common,9.4.1,2
org.apache.lucenelucene-analysis-common,9.4.2,4
org.apache.lucenelucene-analysis-common,9.5.0,5
org.apache.lucenelucene-analysis-common,9.6.0,4
org.apache.lucenelucene-analysis-common,9.7.0,5
org.apache.lucenelucene-analysis-common,9.8.0,5
org.apache.lucenelucene-analysis-common,9.9.1,4
org.apache.lucenelucene-analysis-common,9.9.2,1
org.apache.lucenelucene-analysis-common,9.10,1
org.apache.lucenelucene-analysis-common,9.10.0,6
org.apache.lucenelucene-analysis-common,9.11.0,2
org.apache.lucenelucene-analysis-common,9.11.1,2
org.apache.lucenelucene-analysis-common,9.12.0,3
org.apache.lucenelucene-analysis-common,10.0.0,3
org.apache.lucenelucene-analysis-common,10.1.0,1
org.apache.lucenelucene-analysis-icu,9.1.0,1
org.apache.lucenelucene-analysis-icu,9.2.0,1
org.apache.lucenelucene-analysis-icu,9.3.0,1
org.apache.lucenelucene-analysis-icu,9.4.0,1
org.apache.lucenelucene-analysis-icu,9.4.1,1
org.apache.lucenelucene-analysis-icu,9.4.2,1
org.apache.lucenelucene-analysis-icu,9.5.0,1
org.apache.lucenelucene-analysis-icu,9.6.0,1
org.apache.lucenelucene-analysis-icu,9.7.0,1
org.apache.lucenelucene-analysis-icu,9.8.0,1
org.apache.lucenelucene-analysis-icu,9.9.1,1
org.apache.lucenelucene-analysis-icu,9.10.0,1
org.apache.lucenelucene-analysis-icu,9.11.0,1
org.apache.lucenelucene-analysis-icu,9.12.0,1
org.apache.lucenelucene-analysis-kuromoji,9.0.0,2
org.apache.lucenelucene-analysis-kuromoji,9.1.0,1
org.apache.lucenelucene-analysis-kuromoji,9.2.0,1
org.apache.lucenelucene-analysis-kuromoji,9.3.0,2
org.apache.lucenelucene-analysis-kuromoji,9.4.1,1
org.apache.lucenelucene-analysis-kuromoji,9.4.2,2
org.apache.lucenelucene-analysis-kuromoji,9.5.0,2
org.apache.lucenelucene-analysis-kuromoji,9.6.0,1
org.apache.lucenelucene-analysis-kuromoji,9.7.0,1
org.apache.lucenelucene-analysis-kuromoji,9.8.0,2
org.apache.lucenelucene-analysis-kuromoji,9.9.1,2
org.apache.lucenelucene-analysis-kuromoji,9.9.2,1
org.apache.lucenelucene-analysis-kuromoji,9.10.0,1
org.apache.lucenelucene-analysis-kuromoji,9.11.1,1
org.apache.lucenelucene-analysis-kuromoji,9.12.0,1
org.apache.lucenelucene-analysis-morfologik,9.0.0,1
org.apache.lucenelucene-analysis-morfologik,9.3.0,1
org.apache.lucenelucene-analysis-morfologik,9.4.2,1
org.apache.lucenelucene-analysis-morfologik,9.5.0,1
org.apache.lucenelucene-analysis-morfologik,9.8.0,1
org.apache.lucenelucene-analysis-morfologik,9.9.1,1
org.apache.lucenelucene-analysis-nori,9.12.0,1
org.apache.lucenelucene-analysis-stempel,9.7.0,1
org.apache.lucenelucene-analyzers,2.4.1,1
org.apache.lucenelucene-analyzers,2.9.2,1
org.apache.lucenelucene-analyzers,2.9.3,1
org.apache.lucenelucene-analyzers,3.0.3,2
org.apache.lucenelucene-analyzers,3.1.0,1
org.apache.lucenelucene-analyzers,3.4.0,2
org.apache.lucenelucene-analyzers,3.5.0,1
org.apache.lucenelucene-analyzers,3.6.0,4
org.apache.lucenelucene-analyzers,3.6.1,3
org.apache.lucenelucene-analyzers,3.6.2,10
org.apache.lucenelucene-analyzers,5.3.0,1
org.apache.lucenelucene-analyzers-common,1.0,3
org.apache.lucenelucene-analyzers-common,4.0.0,6
org.apache.lucenelucene-analyzers-common,4.1.0,5
org.apache.lucenelucene-analyzers-common,4.2.0,1
org.apache.lucenelucene-analyzers-common,4.3.0,7
org.apache.lucenelucene-analyzers-common,4.3.1,2
org.apache.lucenelucene-analyzers-common,4.4.0,8
org.apache.lucenelucene-analyzers-common,4.5.0,2
org.apache.lucenelucene-analyzers-common,4.5.1,2
org.apache.lucenelucene-analyzers-common,4.6.0,9
org.apache.lucenelucene-analyzers-common,4.6.1,4
org.apache.lucenelucene-analyzers-common,4.7,2
org.apache.lucenelucene-analyzers-common,4.7.0,3
org.apache.lucenelucene-analyzers-common,4.7.2,2
org.apache.lucenelucene-analyzers-common,4.8.0,4
org.apache.lucenelucene-analyzers-common,4.8.1,4
org.apache.lucenelucene-analyzers-common,4.9.0,8
org.apache.lucenelucene-analyzers-common,4.10.0,3
org.apache.lucenelucene-analyzers-common,4.10.1,2
org.apache.lucenelucene-analyzers-common,4.10.2,3
org.apache.lucenelucene-analyzers-common,4.10.3,5
org.apache.lucenelucene-analyzers-common,4.10.4,12
org.apache.lucenelucene-analyzers-common,5.0.0,4
org.apache.lucenelucene-analyzers-common,5.1.0,9
org.apache.lucenelucene-analyzers-common,5.2.0,1
org.apache.lucenelucene-analyzers-common,5.2.1,5
org.apache.lucenelucene-analyzers-common,5.3.0,7
org.apache.lucenelucene-analyzers-common,5.3.1,14
org.apache.lucenelucene-analyzers-common,5.4.0,6
org.apache.lucenelucene-analyzers-common,5.4.1,6
org.apache.lucenelucene-analyzers-common,5.5.0,6
org.apache.lucenelucene-analyzers-common,5.5.1,3
org.apache.lucenelucene-analyzers-common,5.5.2,3
org.apache.lucenelucene-analyzers-common,5.5.3,4
org.apache.lucenelucene-analyzers-common,5.5.4,3
org.apache.lucenelucene-analyzers-common,5.5.5,4
org.apache.lucenelucene-analyzers-common,6.0,1
org.apache.lucenelucene-analyzers-common,6.0.0,7
org.apache.lucenelucene-analyzers-common,6.0.1,3
org.apache.lucenelucene-analyzers-common,6.1.0,7
org.apache.lucenelucene-analyzers-common,6.2.0,5
org.apache.lucenelucene-analyzers-common,6.2.1,1
org.apache.lucenelucene-analyzers-common,6.3.0,8
org.apache.lucenelucene-analyzers-common,6.4.0,6
org.apache.lucenelucene-analyzers-common,6.4.1,7
org.apache.lucenelucene-analyzers-common,6.4.2,5
org.apache.lucenelucene-analyzers-common,6.5.0,7
org.apache.lucenelucene-analyzers-common,6.5.1,6
org.apache.lucenelucene-analyzers-common,6.6.0,9
org.apache.lucenelucene-analyzers-common,6.6.1,7
org.apache.lucenelucene-analyzers-common,6.6.2,4
org.apache.lucenelucene-analyzers-common,6.6.3,1
org.apache.lucenelucene-analyzers-common,6.6.4,1
org.apache.lucenelucene-analyzers-common,6.6.5,4
org.apache.lucenelucene-analyzers-common,6.6.6,2
org.apache.lucenelucene-analyzers-common,7.0.0,1
org.apache.lucenelucene-analyzers-common,7.1.0,7
org.apache.lucenelucene-analyzers-common,7.2.0,7
org.apache.lucenelucene-analyzers-common,7.2.1,5
org.apache.lucenelucene-analyzers-common,7.3.0,5
org.apache.lucenelucene-analyzers-common,7.3.1,5
org.apache.lucenelucene-analyzers-common,7.4.0,7
org.apache.lucenelucene-analyzers-common,7.5.0,8
org.apache.lucenelucene-analyzers-common,7.6.0,5
org.apache.lucenelucene-analyzers-common,7.7.0,4
org.apache.lucenelucene-analyzers-common,7.7.1,4
org.apache.lucenelucene-analyzers-common,7.7.2,3
org.apache.lucenelucene-analyzers-common,7.7.3,3
org.apache.lucenelucene-analyzers-common,8.0.0,7
org.apache.lucenelucene-analyzers-common,8.1.0,7
org.apache.lucenelucene-analyzers-common,8.1.1,4
org.apache.lucenelucene-analyzers-common,8.2.0,9
org.apache.lucenelucene-analyzers-common,8.3.0,3
org.apache.lucenelucene-analyzers-common,8.3.1,2
org.apache.lucenelucene-analyzers-common,8.4.0,5
org.apache.lucenelucene-analyzers-common,8.4.1,2
org.apache.lucenelucene-analyzers-common,8.5.0,1
org.apache.lucenelucene-analyzers-common,8.5.1,2
org.apache.lucenelucene-analyzers-common,8.5.2,3
org.apache.lucenelucene-analyzers-common,8.6.0,4
org.apache.lucenelucene-analyzers-common,8.6.1,1
org.apache.lucenelucene-analyzers-common,8.6.2,6
org.apache.lucenelucene-analyzers-common,8.6.3,3
org.apache.lucenelucene-analyzers-common,8.7.0,10
org.apache.lucenelucene-analyzers-common,8.8.0,5
org.apache.lucenelucene-analyzers-common,8.8.1,3
org.apache.lucenelucene-analyzers-common,8.8.2,7
org.apache.lucenelucene-analyzers-common,8.9.0,11
org.apache.lucenelucene-analyzers-common,8.10.0,6
org.apache.lucenelucene-analyzers-common,8.10.1,8
org.apache.lucenelucene-analyzers-common,8.11.0,6
org.apache.lucenelucene-analyzers-common,8.11.1,9
org.apache.lucenelucene-analyzers-common,8.11.2,10
org.apache.lucenelucene-analyzers-common,8.11.3,3
org.apache.lucenelucene-analyzers-common,9.0.0,2
org.apache.lucenelucene-analyzers-common,9.9.2,1
org.apache.lucenelucene-analyzers-common,9.10.0,1
org.apache.lucenelucene-analyzers-icu,4.1.0,3
org.apache.lucenelucene-analyzers-icu,4.10.4,3
org.apache.lucenelucene-analyzers-icu,5.1.0,1
org.apache.lucenelucene-analyzers-icu,5.5.3,1
org.apache.lucenelucene-analyzers-icu,5.5.5,1
org.apache.lucenelucene-analyzers-icu,6.3.0,1
org.apache.lucenelucene-analyzers-icu,6.5.0,1
org.apache.lucenelucene-analyzers-icu,6.6.0,2
org.apache.lucenelucene-analyzers-icu,6.6.1,1
org.apache.lucenelucene-analyzers-icu,6.6.5,1
org.apache.lucenelucene-analyzers-icu,6.6.6,1
org.apache.lucenelucene-analyzers-icu,7.3.1,1
org.apache.lucenelucene-analyzers-icu,7.4.0,1
org.apache.lucenelucene-analyzers-icu,7.5.0,1
org.apache.lucenelucene-analyzers-icu,7.6.0,2
org.apache.lucenelucene-analyzers-icu,7.7.0,1
org.apache.lucenelucene-analyzers-icu,7.7.1,1
org.apache.lucenelucene-analyzers-icu,7.7.2,1
org.apache.lucenelucene-analyzers-icu,8.2.0,1
org.apache.lucenelucene-analyzers-icu,8.3.1,1
org.apache.lucenelucene-analyzers-icu,8.9.0,1
org.apache.lucenelucene-analyzers-icu,8.10.1,1
org.apache.lucenelucene-analyzers-icu,8.11.2,1
org.apache.lucenelucene-analyzers-kuromoji,5.5.2,1
org.apache.lucenelucene-analyzers-kuromoji,6.1.0,1
org.apache.lucenelucene-analyzers-kuromoji,7.0.0,1
org.apache.lucenelucene-analyzers-kuromoji,7.2.0,1
org.apache.lucenelucene-analyzers-kuromoji,7.6.0,1
org.apache.lucenelucene-analyzers-kuromoji,8.0.0,2
org.apache.lucenelucene-analyzers-kuromoji,8.1.0,1
org.apache.lucenelucene-analyzers-kuromoji,8.2.0,1
org.apache.lucenelucene-analyzers-kuromoji,8.3.0,1
org.apache.lucenelucene-analyzers-kuromoji,8.4.0,1
org.apache.lucenelucene-analyzers-kuromoji,8.5.1,1
org.apache.lucenelucene-analyzers-kuromoji,8.6.0,1
org.apache.lucenelucene-analyzers-kuromoji,8.6.2,1
org.apache.lucenelucene-analyzers-kuromoji,8.7.0,1
org.apache.lucenelucene-analyzers-kuromoji,8.8.0,1
org.apache.lucenelucene-analyzers-kuromoji,8.8.2,1
org.apache.lucenelucene-analyzers-kuromoji,8.9.0,2
org.apache.lucenelucene-analyzers-kuromoji,8.10.1,1
org.apache.lucenelucene-analyzers-kuromoji,8.11.0,1
org.apache.lucenelucene-analyzers-kuromoji,8.11.2,1
org.apache.lucenelucene-analyzers-morfologik,7.3.0,1
org.apache.lucenelucene-analyzers-morfologik,8.9.0,1
org.apache.lucenelucene-analyzers-morfologik,8.11.0,1
org.apache.lucenelucene-analyzers-morfologik,8.11.2,1
org.apache.lucenelucene-analyzers-nori,8.9.0,1
org.apache.lucenelucene-analyzers-nori,8.11.2,1
org.apache.lucenelucene-analyzers-phonetic,5.3.1,1
org.apache.lucenelucene-analyzers-phonetic,5.4.1,1
org.apache.lucenelucene-analyzers-phonetic,6.3.0,1
org.apache.lucenelucene-analyzers-phonetic,6.4.0,2
org.apache.lucenelucene-analyzers-phonetic,6.4.1,1
org.apache.lucenelucene-analyzers-phonetic,6.4.2,1
org.apache.lucenelucene-analyzers-phonetic,6.5.0,1
org.apache.lucenelucene-analyzers-phonetic,6.5.1,1
org.apache.lucenelucene-analyzers-phonetic,6.6.0,1
org.apache.lucenelucene-analyzers-phonetic,6.6.1,1
org.apache.lucenelucene-analyzers-phonetic,6.6.2,1
org.apache.lucenelucene-analyzers-phonetic,6.6.3,1
org.apache.lucenelucene-analyzers-phonetic,6.6.4,1
org.apache.lucenelucene-analyzers-phonetic,6.6.5,1
org.apache.lucenelucene-analyzers-phonetic,7.7.0,1
org.apache.lucenelucene-analyzers-phonetic,8.9.0,1
org.apache.lucenelucene-analyzers-phonetic,8.11.2,1
org.apache.lucenelucene-analyzers-smartcn,2.3.2,1
org.apache.lucenelucene-analyzers-smartcn,4.4.0,1
org.apache.lucenelucene-analyzers-smartcn,4.6.1,1
org.apache.lucenelucene-analyzers-smartcn,4.9.0,1
org.apache.lucenelucene-analyzers-smartcn,4.10.4,1
org.apache.lucenelucene-analyzers-smartcn,5.2.1,1
org.apache.lucenelucene-analyzers-smartcn,5.3.1,5
org.apache.lucenelucene-analyzers-smartcn,5.5.2,1
org.apache.lucenelucene-analyzers-smartcn,6.0.0,4
org.apache.lucenelucene-analyzers-smartcn,6.0.1,1
org.apache.lucenelucene-analyzers-smartcn,6.1.0,1
org.apache.lucenelucene-analyzers-smartcn,6.6.0,2
org.apache.lucenelucene-analyzers-smartcn,6.6.1,2
org.apache.lucenelucene-analyzers-smartcn,7.0.0,1
org.apache.lucenelucene-analyzers-smartcn,7.1.0,2
org.apache.lucenelucene-analyzers-smartcn,7.2.0,2
org.apache.lucenelucene-analyzers-smartcn,7.2.1,1
org.apache.lucenelucene-analyzers-smartcn,7.3.1,1
org.apache.lucenelucene-analyzers-smartcn,7.4.0,1
org.apache.lucenelucene-analyzers-smartcn,8.0.0,1
org.apache.lucenelucene-analyzers-smartcn,8.3.0,1
org.apache.lucenelucene-analyzers-smartcn,8.4.1,1
org.apache.lucenelucene-analyzers-smartcn,8.9.0,3
org.apache.lucenelucene-analyzers-smartcn,8.11.1,1
org.apache.lucenelucene-analyzers-smartcn,8.11.2,3
org.apache.lucenelucene-analyzers-smartcn,8.11.3,1
org.apache.lucenelucene-analyzers-stempel,6.4.1,1
org.apache.lucenelucene-analyzers-stempel,6.6.1,1
org.apache.lucenelucene-analyzers-stempel,6.6.2,1
org.apache.lucenelucene-analyzers-stempel,6.6.3,1
org.apache.lucenelucene-analyzers-stempel,6.6.4,1
org.apache.lucenelucene-analyzers-stempel,6.6.5,1
org.apache.lucenelucene-analyzers-stempel,7.7.0,1
org.apache.lucenelucene-analyzers-stempel,8.5.2,1
org.apache.lucenelucene-analyzers-stempel,8.6.0,1
org.apache.lucenelucene-analyzers-stempel,8.6.2,1
org.apache.lucenelucene-analyzers-stempel,8.6.3,1
org.apache.lucenelucene-analyzers-stempel,8.7.0,1
org.apache.lucenelucene-analyzers-stempel,8.8.0,1
org.apache.lucenelucene-analyzers-stempel,8.8.1,1
org.apache.lucenelucene-analyzers-stempel,8.8.2,1
org.apache.lucenelucene-analyzers-stempel,8.9.0,1
org.apache.lucenelucene-analyzers-stempel,8.10.1,1
org.apache.lucenelucene-analyzers-stempel,8.11.1,1
org.apache.lucenelucene-analyzers-stempel,8.11.2,1
org.apache.lucenelucene-backward-codecs,5.1.0,1
org.apache.lucenelucene-backward-codecs,5.2.1,1
org.apache.lucenelucene-backward-codecs,5.3.0,1
org.apache.lucenelucene-backward-codecs,5.3.1,3
org.apache.lucenelucene-backward-codecs,5.4.1,1
org.apache.lucenelucene-backward-codecs,5.5.1,1
org.apache.lucenelucene-backward-codecs,5.5.2,1
org.apache.lucenelucene-backward-codecs,5.5.3,1
org.apache.lucenelucene-backward-codecs,5.5.4,3
org.apache.lucenelucene-backward-codecs,5.5.5,3
org.apache.lucenelucene-backward-codecs,6.0.0,1
org.apache.lucenelucene-backward-codecs,6.0.1,1
org.apache.lucenelucene-backward-codecs,6.1.0,1
org.apache.lucenelucene-backward-codecs,6.2.0,1
org.apache.lucenelucene-backward-codecs,6.3.0,2
org.apache.lucenelucene-backward-codecs,6.4.0,3
org.apache.lucenelucene-backward-codecs,6.4.1,1
org.apache.lucenelucene-backward-codecs,6.4.2,3
org.apache.lucenelucene-backward-codecs,6.5.0,1
org.apache.lucenelucene-backward-codecs,6.5.1,2
org.apache.lucenelucene-backward-codecs,6.6.0,1
org.apache.lucenelucene-backward-codecs,6.6.1,1
org.apache.lucenelucene-backward-codecs,6.6.2,1
org.apache.lucenelucene-backward-codecs,6.6.3,1
org.apache.lucenelucene-backward-codecs,6.6.4,1
org.apache.lucenelucene-backward-codecs,6.6.5,2
org.apache.lucenelucene-backward-codecs,7.2.0,1
org.apache.lucenelucene-backward-codecs,7.3.1,1
org.apache.lucenelucene-backward-codecs,7.5.0,1
org.apache.lucenelucene-backward-codecs,7.6.0,1
org.apache.lucenelucene-backward-codecs,7.7.0,1
org.apache.lucenelucene-backward-codecs,8.1.0,3
org.apache.lucenelucene-backward-codecs,8.4.0,1
org.apache.lucenelucene-backward-codecs,8.5.2,1
org.apache.lucenelucene-backward-codecs,8.6.0,2
org.apache.lucenelucene-backward-codecs,8.6.2,1
org.apache.lucenelucene-backward-codecs,8.6.3,1
org.apache.lucenelucene-backward-codecs,8.7.0,3
org.apache.lucenelucene-backward-codecs,8.8.0,2
org.apache.lucenelucene-backward-codecs,8.8.1,1
org.apache.lucenelucene-backward-codecs,8.8.2,1
org.apache.lucenelucene-backward-codecs,8.9.0,2
org.apache.lucenelucene-backward-codecs,8.10.0,4
org.apache.lucenelucene-backward-codecs,8.10.1,1
org.apache.lucenelucene-backward-codecs,8.11.0,2
org.apache.lucenelucene-backward-codecs,8.11.1,1
org.apache.lucenelucene-backward-codecs,8.11.2,1
org.apache.lucenelucene-backward-codecs,9.0.0,1
org.apache.lucenelucene-backward-codecs,9.1.0,2
org.apache.lucenelucene-backward-codecs,9.2.0,2
org.apache.lucenelucene-backward-codecs,9.3.0,4
org.apache.lucenelucene-backward-codecs,9.4.0,2
org.apache.lucenelucene-backward-codecs,9.4.1,1
org.apache.lucenelucene-backward-codecs,9.4.2,2
org.apache.lucenelucene-backward-codecs,9.5.0,3
org.apache.lucenelucene-backward-codecs,9.6.0,1
org.apache.lucenelucene-backward-codecs,9.7.0,2
org.apache.lucenelucene-backward-codecs,9.8.0,3
org.apache.lucenelucene-backward-codecs,9.9.1,3
org.apache.lucenelucene-backward-codecs,9.10.0,5
org.apache.lucenelucene-backward-codecs,9.11.0,2
org.apache.lucenelucene-backward-codecs,10.0.0,2
org.apache.lucenelucene-benchmark,4.2.1,1
org.apache.lucenelucene-benchmark,4.3.0,1
org.apache.lucenelucene-benchmark,6.0.0,1
org.apache.lucenelucene-benchmark,6.1.0,1
org.apache.lucenelucene-benchmark,6.2.0,1
org.apache.lucenelucene-benchmark,6.4.0,1
org.apache.lucenelucene-benchmark,6.5.0,1
org.apache.lucenelucene-benchmark,6.6.0,1
org.apache.lucenelucene-benchmark,6.6.1,1
org.apache.lucenelucene-benchmark,6.6.2,1
org.apache.lucenelucene-benchmark,7.3.1,1
org.apache.lucenelucene-benchmark,7.4.0,2
org.apache.lucenelucene-benchmark,7.5.0,1
org.apache.lucenelucene-benchmark,7.6.0,2
org.apache.lucenelucene-benchmark,7.7.0,1
org.apache.lucenelucene-benchmark,7.7.1,1
org.apache.lucenelucene-benchmark,8.0.0,1
org.apache.lucenelucene-benchmark,8.1.0,2
org.apache.lucenelucene-benchmark,8.7.0,2
org.apache.lucenelucene-benchmark,8.10.0,2
org.apache.lucenelucene-benchmark,9.7.0,1
org.apache.lucenelucene-classification,10.0.0,1
org.apache.lucenelucene-codecs,1.0,1
org.apache.lucenelucene-codecs,4.3.0,1
org.apache.lucenelucene-codecs,4.4.0,2
org.apache.lucenelucene-codecs,4.5.1,2
org.apache.lucenelucene-codecs,4.6.0,1
org.apache.lucenelucene-codecs,4.7,2
org.apache.lucenelucene-codecs,4.7.0,2
org.apache.lucenelucene-codecs,4.8.0,1
org.apache.lucenelucene-codecs,4.8.1,1
org.apache.lucenelucene-codecs,4.10.0,1
org.apache.lucenelucene-codecs,4.10.2,1
org.apache.lucenelucene-codecs,4.10.3,1
org.apache.lucenelucene-codecs,4.10.4,1
org.apache.lucenelucene-codecs,5.0.0,1
org.apache.lucenelucene-codecs,5.1.0,1
org.apache.lucenelucene-codecs,5.2.1,1
org.apache.lucenelucene-codecs,5.3.1,1
org.apache.lucenelucene-codecs,5.4.0,1
org.apache.lucenelucene-codecs,5.4.1,2
org.apache.lucenelucene-codecs,6.0.0,2
org.apache.lucenelucene-codecs,6.1.0,1
org.apache.lucenelucene-codecs,6.3.0,2
org.apache.lucenelucene-codecs,6.4.0,2
org.apache.lucenelucene-codecs,6.4.1,1
org.apache.lucenelucene-codecs,6.4.2,2
org.apache.lucenelucene-codecs,6.5.0,1
org.apache.lucenelucene-codecs,6.5.1,2
org.apache.lucenelucene-codecs,6.6.0,2
org.apache.lucenelucene-codecs,6.6.1,2
org.apache.lucenelucene-codecs,6.6.2,1
org.apache.lucenelucene-codecs,6.6.3,1
org.apache.lucenelucene-codecs,6.6.4,1
org.apache.lucenelucene-codecs,6.6.5,1
org.apache.lucenelucene-codecs,7.4.0,1
org.apache.lucenelucene-codecs,7.5.0,1
org.apache.lucenelucene-codecs,7.7.0,1
org.apache.lucenelucene-codecs,8.0.0,1
org.apache.lucenelucene-codecs,8.1.0,2
org.apache.lucenelucene-codecs,8.2.0,1
org.apache.lucenelucene-codecs,8.3.0,1
org.apache.lucenelucene-codecs,8.4.0,1
org.apache.lucenelucene-codecs,8.5.2,1
org.apache.lucenelucene-codecs,8.6.0,2
org.apache.lucenelucene-codecs,8.6.2,1
org.apache.lucenelucene-codecs,8.6.3,1
org.apache.lucenelucene-codecs,8.7.0,3
org.apache.lucenelucene-codecs,8.8.0,3
org.apache.lucenelucene-codecs,8.8.1,1
org.apache.lucenelucene-codecs,8.8.2,1
org.apache.lucenelucene-codecs,8.9.0,1
org.apache.lucenelucene-codecs,8.10.0,3
org.apache.lucenelucene-codecs,8.10.1,2
org.apache.lucenelucene-codecs,8.11.0,1
org.apache.lucenelucene-codecs,8.11.1,2
org.apache.lucenelucene-codecs,8.11.2,1
org.apache.lucenelucene-codecs,9.0.0,1
org.apache.lucenelucene-codecs,9.1.0,2
org.apache.lucenelucene-codecs,9.2.0,1
org.apache.lucenelucene-codecs,9.3.0,4
org.apache.lucenelucene-codecs,9.4.0,1
org.apache.lucenelucene-codecs,9.4.1,1
org.apache.lucenelucene-codecs,9.4.2,2
org.apache.lucenelucene-codecs,9.5.0,3
org.apache.lucenelucene-codecs,9.6.0,2
org.apache.lucenelucene-codecs,9.7.0,1
org.apache.lucenelucene-codecs,9.8.0,2
org.apache.lucenelucene-codecs,9.9.1,3
org.apache.lucenelucene-codecs,9.10.0,3
org.apache.lucenelucene-codecs,9.11.0,2
org.apache.lucenelucene-codecs,10.0.0,1
org.apache.lucenelucene-codecs-aggregator,1.0,2
org.apache.lucenelucene-core,1.0,1
org.apache.lucenelucene-core,2.3.2,1
org.apache.lucenelucene-core,2.4.0,2
org.apache.lucenelucene-core,2.4.1,2
org.apache.lucenelucene-core,2.9,2
org.apache.lucenelucene-core,2.9.0,2
org.apache.lucenelucene-core,2.9.1,2
org.apache.lucenelucene-core,2.9.2,1
org.apache.lucenelucene-core,2.9.3,1
org.apache.lucenelucene-core,3.0.0,3
org.apache.lucenelucene-core,3.0.1,4
org.apache.lucenelucene-core,3.0.2,1
org.apache.lucenelucene-core,3.0.3,5
org.apache.lucenelucene-core,3.1.0,4
org.apache.lucenelucene-core,3.3.0,1
org.apache.lucenelucene-core,3.4.0,5
org.apache.lucenelucene-core,3.5.0,6
org.apache.lucenelucene-core,3.6.0,25
org.apache.lucenelucene-core,3.6.1,20
org.apache.lucenelucene-core,3.6.2,4
org.apache.lucenelucene-core,4.0,1
org.apache.lucenelucene-core,4.0.0,5
org.apache.lucenelucene-core,4.1.0,5
org.apache.lucenelucene-core,4.2.0,1
org.apache.lucenelucene-core,4.2.1,2
org.apache.lucenelucene-core,4.3.0,5
org.apache.lucenelucene-core,4.3.1,1
org.apache.lucenelucene-core,4.4.0,9
org.apache.lucenelucene-core,4.5.0,2
org.apache.lucenelucene-core,4.5.1,3
org.apache.lucenelucene-core,4.6.0,10
org.apache.lucenelucene-core,4.6.1,4
org.apache.lucenelucene-core,4.7,2
org.apache.lucenelucene-core,4.7.0,4
org.apache.lucenelucene-core,4.7.1,1
org.apache.lucenelucene-core,4.7.2,4
org.apache.lucenelucene-core,4.8.0,4
org.apache.lucenelucene-core,4.8.1,4
org.apache.lucenelucene-core,4.9.0,9
org.apache.lucenelucene-core,4.10.0,4
org.apache.lucenelucene-core,4.10.1,3
org.apache.lucenelucene-core,4.10.2,3
org.apache.lucenelucene-core,4.10.3,7
org.apache.lucenelucene-core,4.10.4,13
org.apache.lucenelucene-core,5.0.0,6
org.apache.lucenelucene-core,5.1.0,9
org.apache.lucenelucene-core,5.2.1,6
org.apache.lucenelucene-core,5.3.0,6
org.apache.lucenelucene-core,5.3.1,16
org.apache.lucenelucene-core,5.4.0,8
org.apache.lucenelucene-core,5.4.1,7
org.apache.lucenelucene-core,5.5.0,6
org.apache.lucenelucene-core,5.5.1,3
org.apache.lucenelucene-core,5.5.2,4
org.apache.lucenelucene-core,5.5.3,6
org.apache.lucenelucene-core,5.5.4,3
org.apache.lucenelucene-core,5.5.5,4
org.apache.lucenelucene-core,6.0.0,10
org.apache.lucenelucene-core,6.0.1,3
org.apache.lucenelucene-core,6.1.0,8
org.apache.lucenelucene-core,6.2.0,4
org.apache.lucenelucene-core,6.2.1,3
org.apache.lucenelucene-core,6.3.0,9
org.apache.lucenelucene-core,6.4.0,7
org.apache.lucenelucene-core,6.4.1,8
org.apache.lucenelucene-core,6.4.2,6
org.apache.lucenelucene-core,6.5.0,7
org.apache.lucenelucene-core,6.5.1,7
org.apache.lucenelucene-core,6.6.0,7
org.apache.lucenelucene-core,6.6.1,7
org.apache.lucenelucene-core,6.6.2,3
org.apache.lucenelucene-core,6.6.3,1
org.apache.lucenelucene-core,6.6.4,1
org.apache.lucenelucene-core,6.6.5,4
org.apache.lucenelucene-core,6.6.6,2
org.apache.lucenelucene-core,7.0.0,2
org.apache.lucenelucene-core,7.1.0,12
org.apache.lucenelucene-core,7.2.0,7
org.apache.lucenelucene-core,7.2.1,7
org.apache.lucenelucene-core,7.3.0,7
org.apache.lucenelucene-core,7.3.1,7
org.apache.lucenelucene-core,7.4.0,9
org.apache.lucenelucene-core,7.5.0,10
org.apache.lucenelucene-core,7.6.0,6
org.apache.lucenelucene-core,7.7.0,4
org.apache.lucenelucene-core,7.7.1,5
org.apache.lucenelucene-core,7.7.2,3
org.apache.lucenelucene-core,7.7.3,3
org.apache.lucenelucene-core,8.0.0,9
org.apache.lucenelucene-core,8.1.0,7
org.apache.lucenelucene-core,8.1.1,4
org.apache.lucenelucene-core,8.2.0,8
org.apache.lucenelucene-core,8.3.0,3
org.apache.lucenelucene-core,8.3.1,2
org.apache.lucenelucene-core,8.4.0,4
org.apache.lucenelucene-core,8.4.1,3
org.apache.lucenelucene-core,8.5.0,2
org.apache.lucenelucene-core,8.5.1,1
org.apache.lucenelucene-core,8.5.2,3
org.apache.lucenelucene-core,8.6.0,4
org.apache.lucenelucene-core,8.6.1,1
org.apache.lucenelucene-core,8.6.2,5
org.apache.lucenelucene-core,8.6.3,4
org.apache.lucenelucene-core,8.7.0,9
org.apache.lucenelucene-core,8.8.0,4
org.apache.lucenelucene-core,8.8.1,3
org.apache.lucenelucene-core,8.8.2,7
org.apache.lucenelucene-core,8.9.0,8
org.apache.lucenelucene-core,8.10.0,6
org.apache.lucenelucene-core,8.10.1,6
org.apache.lucenelucene-core,8.11.0,5
org.apache.lucenelucene-core,8.11.1,8
org.apache.lucenelucene-core,8.11.2,5
org.apache.lucenelucene-core,8.11.3,1
org.apache.lucenelucene-core,9.0.0,5
org.apache.lucenelucene-core,9.1.0,4
org.apache.lucenelucene-core,9.2.0,4
org.apache.lucenelucene-core,9.3.0,7
org.apache.lucenelucene-core,9.4.0,3
org.apache.lucenelucene-core,9.4.1,1
org.apache.lucenelucene-core,9.4.2,4
org.apache.lucenelucene-core,9.5.0,6
org.apache.lucenelucene-core,9.6.0,4
org.apache.lucenelucene-core,9.7.0,6
org.apache.lucenelucene-core,9.8.0,6
org.apache.lucenelucene-core,9.9.1,6
org.apache.lucenelucene-core,9.10.0,9
org.apache.lucenelucene-core,9.11.0,3
org.apache.lucenelucene-core,9.11.1,1
org.apache.lucenelucene-core,9.12.0,1
org.apache.lucenelucene-core,10.0.0,3
org.apache.lucenelucene-core,10.1.0,1
org.apache.lucenelucene-core-aggregator,1.0,3
org.apache.lucenelucene-demo,7.1.0,2
org.apache.lucenelucene-demo,8.11.0,1
org.apache.lucenelucene-demo,9.8.0,1
org.apache.lucenelucene-expressions,8.7.0,1
org.apache.lucenelucene-facet,3.6.0,1
org.apache.lucenelucene-facet,3.6.1,1
org.apache.lucenelucene-facet,4.0.0,2
org.apache.lucenelucene-facet,4.3.0,1
org.apache.lucenelucene-facet,4.3.1,1
org.apache.lucenelucene-facet,4.4.0,2
org.apache.lucenelucene-facet,4.6.0,1
org.apache.lucenelucene-facet,4.7,2
org.apache.lucenelucene-facet,4.7.0,1
org.apache.lucenelucene-facet,4.8.0,1
org.apache.lucenelucene-facet,4.8.1,2
org.apache.lucenelucene-facet,4.10.0,2
org.apache.lucenelucene-facet,4.10.2,1
org.apache.lucenelucene-facet,5.3.1,2
org.apache.lucenelucene-facet,5.4.0,1
org.apache.lucenelucene-facet,5.5.2,1
org.apache.lucenelucene-facet,5.5.4,3
org.apache.lucenelucene-facet,5.5.5,2
org.apache.lucenelucene-facet,6.3.0,1
org.apache.lucenelucene-facet,6.4.0,3
org.apache.lucenelucene-facet,6.4.1,1
org.apache.lucenelucene-facet,6.4.2,1
org.apache.lucenelucene-facet,6.5.0,1
org.apache.lucenelucene-facet,6.5.1,1
org.apache.lucenelucene-facet,6.6.0,1
org.apache.lucenelucene-facet,6.6.1,1
org.apache.lucenelucene-facet,6.6.2,1
org.apache.lucenelucene-facet,6.6.3,1
org.apache.lucenelucene-facet,6.6.4,1
org.apache.lucenelucene-facet,6.6.5,1
org.apache.lucenelucene-facet,7.2.1,1
org.apache.lucenelucene-facet,7.7.0,1
org.apache.lucenelucene-facet,8.4.0,1
org.apache.lucenelucene-facet,8.5.2,1
org.apache.lucenelucene-facet,8.6.0,2
org.apache.lucenelucene-facet,8.6.2,1
org.apache.lucenelucene-facet,8.6.3,1
org.apache.lucenelucene-facet,8.7.0,1
org.apache.lucenelucene-facet,8.8.0,1
org.apache.lucenelucene-facet,8.8.1,1
org.apache.lucenelucene-facet,8.8.2,1
org.apache.lucenelucene-facet,8.9.0,2
org.apache.lucenelucene-facet,8.10.0,1
org.apache.lucenelucene-facet,8.10.1,1
org.apache.lucenelucene-facet,8.11.0,1
org.apache.lucenelucene-facet,8.11.1,1
org.apache.lucenelucene-facet,8.11.2,1
org.apache.lucenelucene-facet,9.1.0,1
org.apache.lucenelucene-facet,9.2.0,1
org.apache.lucenelucene-facet,9.3.0,2
org.apache.lucenelucene-facet,9.4.0,1
org.apache.lucenelucene-facet,9.4.1,1
org.apache.lucenelucene-facet,9.4.2,1
org.apache.lucenelucene-facet,9.5.0,1
org.apache.lucenelucene-facet,9.6.0,1
org.apache.lucenelucene-facet,9.7.0,1
org.apache.lucenelucene-facet,9.8.0,1
org.apache.lucenelucene-facet,9.9.1,1
org.apache.lucenelucene-facet,9.10.0,2
org.apache.lucenelucene-facet,9.11.0,2
org.apache.lucenelucene-grouping,3.6.0,1
org.apache.lucenelucene-grouping,3.6.1,1
org.apache.lucenelucene-grouping,4.3.0,1
org.apache.lucenelucene-grouping,5.3.1,1
org.apache.lucenelucene-grouping,5.5.4,1
org.apache.lucenelucene-grouping,5.5.5,1
org.apache.lucenelucene-grouping,6.3.0,1
org.apache.lucenelucene-grouping,6.4.0,2
org.apache.lucenelucene-grouping,6.4.1,1
org.apache.lucenelucene-grouping,6.4.2,1
org.apache.lucenelucene-grouping,6.5.0,1
org.apache.lucenelucene-grouping,6.5.1,1
org.apache.lucenelucene-grouping,6.6.0,1
org.apache.lucenelucene-grouping,6.6.1,1
org.apache.lucenelucene-grouping,6.6.2,1
org.apache.lucenelucene-grouping,6.6.3,1
org.apache.lucenelucene-grouping,6.6.4,1
org.apache.lucenelucene-grouping,6.6.5,1
org.apache.lucenelucene-grouping,7.2.1,1
org.apache.lucenelucene-grouping,7.5.0,1
org.apache.lucenelucene-grouping,7.7.0,1
org.apache.lucenelucene-grouping,8.4.0,1
org.apache.lucenelucene-grouping,8.5.2,1
org.apache.lucenelucene-grouping,8.6.0,2
org.apache.lucenelucene-grouping,8.6.2,1
org.apache.lucenelucene-grouping,8.6.3,1
org.apache.lucenelucene-grouping,8.7.0,1
org.apache.lucenelucene-grouping,8.8.0,1
org.apache.lucenelucene-grouping,8.8.1,1
org.apache.lucenelucene-grouping,8.8.2,1
org.apache.lucenelucene-grouping,8.9.0,1
org.apache.lucenelucene-grouping,8.10.0,1
org.apache.lucenelucene-grouping,8.10.1,1
org.apache.lucenelucene-grouping,8.11.0,1
org.apache.lucenelucene-grouping,8.11.1,1
org.apache.lucenelucene-grouping,8.11.2,1
org.apache.lucenelucene-grouping,9.3.0,1
org.apache.lucenelucene-grouping,9.10.0,1
org.apache.lucenelucene-grouping,9.11.0,1
org.apache.lucenelucene-highlighter,2.3.2,1
org.apache.lucenelucene-highlighter,3.3.0,1
org.apache.lucenelucene-highlighter,3.6.0,1
org.apache.lucenelucene-highlighter,3.6.1,1
org.apache.lucenelucene-highlighter,4.3.0,2
org.apache.lucenelucene-highlighter,4.4.0,1
org.apache.lucenelucene-highlighter,4.6.0,1
org.apache.lucenelucene-highlighter,4.6.1,1
org.apache.lucenelucene-highlighter,4.7.0,1
org.apache.lucenelucene-highlighter,4.7.2,2
org.apache.lucenelucene-highlighter,4.8.0,3
org.apache.lucenelucene-highlighter,4.8.1,1
org.apache.lucenelucene-highlighter,4.9.0,2
org.apache.lucenelucene-highlighter,4.10.2,1
org.apache.lucenelucene-highlighter,4.10.3,2
org.apache.lucenelucene-highlighter,4.10.4,3
org.apache.lucenelucene-highlighter,5.0.0,1
org.apache.lucenelucene-highlighter,5.1.0,1
org.apache.lucenelucene-highlighter,5.3.1,6
org.apache.lucenelucene-highlighter,5.4.0,1
org.apache.lucenelucene-highlighter,5.5.1,1
org.apache.lucenelucene-highlighter,5.5.2,1
org.apache.lucenelucene-highlighter,5.5.4,1
org.apache.lucenelucene-highlighter,5.5.5,1
org.apache.lucenelucene-highlighter,6.0.0,4
org.apache.lucenelucene-highlighter,6.0.1,2
org.apache.lucenelucene-highlighter,6.1.0,2
org.apache.lucenelucene-highlighter,6.2.1,1
org.apache.lucenelucene-highlighter,6.3.0,2
org.apache.lucenelucene-highlighter,6.4.0,2
org.apache.lucenelucene-highlighter,6.4.1,2
org.apache.lucenelucene-highlighter,6.4.2,1
org.apache.lucenelucene-highlighter,6.5.0,1
org.apache.lucenelucene-highlighter,6.5.1,1
org.apache.lucenelucene-highlighter,6.6.0,2
org.apache.lucenelucene-highlighter,6.6.1,2
org.apache.lucenelucene-highlighter,6.6.2,2
org.apache.lucenelucene-highlighter,6.6.3,1
org.apache.lucenelucene-highlighter,6.6.4,1
org.apache.lucenelucene-highlighter,6.6.5,2
org.apache.lucenelucene-highlighter,7.0.0,1
org.apache.lucenelucene-highlighter,7.1.0,2
org.apache.lucenelucene-highlighter,7.2.0,4
org.apache.lucenelucene-highlighter,7.2.1,3
org.apache.lucenelucene-highlighter,7.3.0,1
org.apache.lucenelucene-highlighter,7.3.1,2
org.apache.lucenelucene-highlighter,7.4.0,1
org.apache.lucenelucene-highlighter,7.5.0,3
org.apache.lucenelucene-highlighter,7.7.0,1
org.apache.lucenelucene-highlighter,7.7.2,1
org.apache.lucenelucene-highlighter,8.0.0,1
org.apache.lucenelucene-highlighter,8.2.0,2
org.apache.lucenelucene-highlighter,8.4.1,1
org.apache.lucenelucene-highlighter,8.5.2,1
org.apache.lucenelucene-highlighter,8.6.0,1
org.apache.lucenelucene-highlighter,8.6.2,1
org.apache.lucenelucene-highlighter,8.6.3,2
org.apache.lucenelucene-highlighter,8.7.0,2
org.apache.lucenelucene-highlighter,8.8.0,1
org.apache.lucenelucene-highlighter,8.8.1,1
org.apache.lucenelucene-highlighter,8.8.2,1
org.apache.lucenelucene-highlighter,8.9.0,4
org.apache.lucenelucene-highlighter,8.10.0,1
org.apache.lucenelucene-highlighter,8.10.1,1
org.apache.lucenelucene-highlighter,8.11.0,2
org.apache.lucenelucene-highlighter,8.11.1,4
org.apache.lucenelucene-highlighter,8.11.2,3
org.apache.lucenelucene-highlighter,9.3.0,1
org.apache.lucenelucene-highlighter,9.4.2,2
org.apache.lucenelucene-highlighter,9.7.0,1
org.apache.lucenelucene-highlighter,9.8.0,1
org.apache.lucenelucene-highlighter,9.9.1,2
org.apache.lucenelucene-highlighter,9.10.0,4
org.apache.lucenelucene-highlighter,9.11.0,2
org.apache.lucenelucene-highlighter,9.11.1,1
org.apache.lucenelucene-highlighter,10.0.0,1
org.apache.lucenelucene-highlighter,10.1.0,1
org.apache.lucenelucene-join,4.10.0,1
org.apache.lucenelucene-join,6.3.0,1
org.apache.lucenelucene-join,6.4.0,2
org.apache.lucenelucene-join,6.4.1,1
org.apache.lucenelucene-join,6.4.2,1
org.apache.lucenelucene-join,6.5.0,1
org.apache.lucenelucene-join,6.5.1,1
org.apache.lucenelucene-join,6.6.0,1
org.apache.lucenelucene-join,6.6.1,1
org.apache.lucenelucene-join,6.6.2,1
org.apache.lucenelucene-join,6.6.3,1
org.apache.lucenelucene-join,6.6.4,1
org.apache.lucenelucene-join,6.6.5,1
org.apache.lucenelucene-join,7.3.0,1
org.apache.lucenelucene-join,7.5.0,1
org.apache.lucenelucene-join,7.7.0,1
org.apache.lucenelucene-join,8.3.0,1
org.apache.lucenelucene-join,8.4.0,1
org.apache.lucenelucene-join,8.5.2,1
org.apache.lucenelucene-join,8.6.0,2
org.apache.lucenelucene-join,8.6.2,1
org.apache.lucenelucene-join,8.6.3,1
org.apache.lucenelucene-join,8.7.0,1
org.apache.lucenelucene-join,8.8.0,1
org.apache.lucenelucene-join,8.8.1,1
org.apache.lucenelucene-join,8.8.2,1
org.apache.lucenelucene-join,8.9.0,2
org.apache.lucenelucene-join,8.10.1,1
org.apache.lucenelucene-join,8.11.1,1
org.apache.lucenelucene-join,8.11.2,1
org.apache.lucenelucene-join,9.1.0,1
org.apache.lucenelucene-join,9.2.0,1
org.apache.lucenelucene-join,9.3.0,1
org.apache.lucenelucene-join,9.4.0,1
org.apache.lucenelucene-join,9.4.1,1
org.apache.lucenelucene-join,9.4.2,1
org.apache.lucenelucene-join,9.5.0,1
org.apache.lucenelucene-join,9.6.0,1
org.apache.lucenelucene-join,9.7.0,1
org.apache.lucenelucene-join,9.8.0,1
org.apache.lucenelucene-join,9.9.1,1
org.apache.lucenelucene-join,9.10.0,1
org.apache.lucenelucene-join,9.11.0,1
org.apache.lucenelucene-memory,3.6.0,1
org.apache.lucenelucene-memory,3.6.1,1
org.apache.lucenelucene-memory,3.6.2,1
org.apache.lucenelucene-memory,4.4.0,1
org.apache.lucenelucene-memory,4.7.0,2
org.apache.lucenelucene-memory,4.8.0,2
org.apache.lucenelucene-memory,6.2.0,1
org.apache.lucenelucene-memory,6.2.1,1
org.apache.lucenelucene-memory,6.4.0,1
org.apache.lucenelucene-memory,7.0.0,1
org.apache.lucenelucene-memory,7.1.0,2
org.apache.lucenelucene-memory,7.2.0,2
org.apache.lucenelucene-memory,7.3.0,1
org.apache.lucenelucene-memory,7.3.1,1
org.apache.lucenelucene-memory,7.5.0,2
org.apache.lucenelucene-memory,8.4.0,1
org.apache.lucenelucene-memory,8.6.0,1
org.apache.lucenelucene-memory,8.6.3,1
org.apache.lucenelucene-memory,8.10.0,1
org.apache.lucenelucene-memory,8.11.0,2
org.apache.lucenelucene-memory,8.11.2,1
org.apache.lucenelucene-memory,9.3.0,1
org.apache.lucenelucene-memory,9.5.0,1
org.apache.lucenelucene-memory,9.6.0,1
org.apache.lucenelucene-memory,9.7.0,1
org.apache.lucenelucene-memory,9.8.0,1
org.apache.lucenelucene-memory,9.10.0,1
org.apache.lucenelucene-memory,9.11.0,1
org.apache.lucenelucene-misc,4.1.0,1
org.apache.lucenelucene-misc,4.2.0,1
org.apache.lucenelucene-misc,4.3.0,1
org.apache.lucenelucene-misc,4.7.0,1
org.apache.lucenelucene-misc,4.10.0,1
org.apache.lucenelucene-misc,4.10.4,1
org.apache.lucenelucene-misc,5.3.1,1
org.apache.lucenelucene-misc,5.5.2,1
org.apache.lucenelucene-misc,5.5.3,1
org.apache.lucenelucene-misc,5.5.4,3
org.apache.lucenelucene-misc,5.5.5,2
org.apache.lucenelucene-misc,6.4.1,1
org.apache.lucenelucene-misc,6.4.2,1
org.apache.lucenelucene-misc,6.5.0,1
org.apache.lucenelucene-misc,6.6.0,2
org.apache.lucenelucene-misc,6.6.1,1
org.apache.lucenelucene-misc,6.6.2,2
org.apache.lucenelucene-misc,7.2.0,2
org.apache.lucenelucene-misc,7.3.1,2
org.apache.lucenelucene-misc,7.4.0,1
org.apache.lucenelucene-misc,7.5.0,2
org.apache.lucenelucene-misc,7.6.0,1
org.apache.lucenelucene-misc,7.7.0,1
org.apache.lucenelucene-misc,7.7.1,1
org.apache.lucenelucene-misc,7.7.2,1
org.apache.lucenelucene-misc,8.0.0,1
org.apache.lucenelucene-misc,8.4.0,1
org.apache.lucenelucene-misc,8.6.0,1
org.apache.lucenelucene-misc,8.10.0,1
org.apache.lucenelucene-misc,8.11.0,1
org.apache.lucenelucene-misc,9.0.0,1
org.apache.lucenelucene-misc,9.1.0,1
org.apache.lucenelucene-misc,9.2.0,1
org.apache.lucenelucene-misc,9.3.0,2
org.apache.lucenelucene-misc,9.4.0,1
org.apache.lucenelucene-misc,9.4.1,1
org.apache.lucenelucene-misc,9.4.2,1
org.apache.lucenelucene-misc,9.5.0,1
org.apache.lucenelucene-misc,9.6.0,1
org.apache.lucenelucene-misc,9.7.0,1
org.apache.lucenelucene-misc,9.8.0,1
org.apache.lucenelucene-misc,9.9.1,1
org.apache.lucenelucene-misc,9.10.0,2
org.apache.lucenelucene-misc,9.11.0,2
org.apache.lucenelucene-misc,10.0.0,1
org.apache.lucenelucene-monitor,9.7.0,1
org.apache.lucenelucene-monitor,9.8.0,1
org.apache.lucenelucene-monitor,9.9.1,1
org.apache.lucenelucene-monitor,9.10.0,1
org.apache.lucenelucene-monitor,9.11.0,1
org.apache.lucenelucene-queries,3.6.0,3
org.apache.lucenelucene-queries,3.6.1,3
org.apache.lucenelucene-queries,3.6.2,1
org.apache.lucenelucene-queries,4.0.0,2
org.apache.lucenelucene-queries,4.1.0,1
org.apache.lucenelucene-queries,4.2.0,1
org.apache.lucenelucene-queries,4.3.0,1
org.apache.lucenelucene-queries,4.4.0,3
org.apache.lucenelucene-queries,4.6.0,2
org.apache.lucenelucene-queries,4.7,2
org.apache.lucenelucene-queries,4.7.2,1
org.apache.lucenelucene-queries,4.8.0,4
org.apache.lucenelucene-queries,4.8.1,3
org.apache.lucenelucene-queries,4.9.0,1
org.apache.lucenelucene-queries,4.10.0,1
org.apache.lucenelucene-queries,4.10.1,1
org.apache.lucenelucene-queries,4.10.2,2
org.apache.lucenelucene-queries,4.10.3,2
org.apache.lucenelucene-queries,4.10.4,1
org.apache.lucenelucene-queries,5.1.0,2
org.apache.lucenelucene-queries,5.2.1,3
org.apache.lucenelucene-queries,5.3.0,3
org.apache.lucenelucene-queries,5.3.1,3
org.apache.lucenelucene-queries,5.4.0,6
org.apache.lucenelucene-queries,5.4.1,2
org.apache.lucenelucene-queries,5.5.0,3
org.apache.lucenelucene-queries,5.5.1,1
org.apache.lucenelucene-queries,5.5.2,1
org.apache.lucenelucene-queries,5.5.4,3
org.apache.lucenelucene-queries,5.5.5,2
org.apache.lucenelucene-queries,6.0.0,3
org.apache.lucenelucene-queries,6.1.0,2
org.apache.lucenelucene-queries,6.2.0,1
org.apache.lucenelucene-queries,6.2.1,1
org.apache.lucenelucene-queries,6.3.0,3
org.apache.lucenelucene-queries,6.4.0,1
org.apache.lucenelucene-queries,6.4.1,1
org.apache.lucenelucene-queries,6.4.2,2
org.apache.lucenelucene-queries,6.5.0,2
org.apache.lucenelucene-queries,6.5.1,3
org.apache.lucenelucene-queries,6.6.0,1
org.apache.lucenelucene-queries,6.6.1,3
org.apache.lucenelucene-queries,6.6.2,2
org.apache.lucenelucene-queries,6.6.5,1
org.apache.lucenelucene-queries,6.6.6,1
org.apache.lucenelucene-queries,7.0.0,1
org.apache.lucenelucene-queries,7.1.0,1
org.apache.lucenelucene-queries,7.2.0,2
org.apache.lucenelucene-queries,7.2.1,2
org.apache.lucenelucene-queries,7.3.0,1
org.apache.lucenelucene-queries,7.3.1,3
org.apache.lucenelucene-queries,7.4.0,1
org.apache.lucenelucene-queries,7.5.0,3
org.apache.lucenelucene-queries,7.6.0,1
org.apache.lucenelucene-queries,7.7.1,1
org.apache.lucenelucene-queries,7.7.2,1
org.apache.lucenelucene-queries,7.7.3,2
org.apache.lucenelucene-queries,8.0.0,2
org.apache.lucenelucene-queries,8.1.1,1
org.apache.lucenelucene-queries,8.2.0,2
org.apache.lucenelucene-queries,8.4.0,1
org.apache.lucenelucene-queries,8.5.1,1
org.apache.lucenelucene-queries,8.5.2,1
org.apache.lucenelucene-queries,8.6.0,2
org.apache.lucenelucene-queries,8.6.1,1
org.apache.lucenelucene-queries,8.6.2,1
org.apache.lucenelucene-queries,8.6.3,2
org.apache.lucenelucene-queries,8.7.0,2
org.apache.lucenelucene-queries,8.8.0,1
org.apache.lucenelucene-queries,8.8.1,1
org.apache.lucenelucene-queries,8.8.2,2
org.apache.lucenelucene-queries,8.9.0,1
org.apache.lucenelucene-queries,8.10.0,2
org.apache.lucenelucene-queries,8.10.1,1
org.apache.lucenelucene-queries,8.11.0,2
org.apache.lucenelucene-queries,8.11.1,1
org.apache.lucenelucene-queries,8.11.2,1
org.apache.lucenelucene-queries,9.0.0,3
org.apache.lucenelucene-queries,9.1.0,1
org.apache.lucenelucene-queries,9.2.0,1
org.apache.lucenelucene-queries,9.3.0,3
org.apache.lucenelucene-queries,9.4.0,1
org.apache.lucenelucene-queries,9.4.1,1
org.apache.lucenelucene-queries,9.4.2,2
org.apache.lucenelucene-queries,9.5.0,3
org.apache.lucenelucene-queries,9.6.0,1
org.apache.lucenelucene-queries,9.7.0,2
org.apache.lucenelucene-queries,9.8.0,2
org.apache.lucenelucene-queries,9.9.1,2
org.apache.lucenelucene-queries,9.10.0,2
org.apache.lucenelucene-queries,9.11.0,2
org.apache.lucenelucene-queries,9.11.1,1
org.apache.lucenelucene-queries,9.12.0,1
org.apache.lucenelucene-queryparser,2.3.2,1
org.apache.lucenelucene-queryparser,3.6.2,1
org.apache.lucenelucene-queryparser,4.0.0,5
org.apache.lucenelucene-queryparser,4.1.0,4
org.apache.lucenelucene-queryparser,4.2.0,1
org.apache.lucenelucene-queryparser,4.3.0,6
org.apache.lucenelucene-queryparser,4.3.1,2
org.apache.lucenelucene-queryparser,4.4.0,5
org.apache.lucenelucene-queryparser,4.5.0,1
org.apache.lucenelucene-queryparser,4.6.0,4
org.apache.lucenelucene-queryparser,4.6.1,4
org.apache.lucenelucene-queryparser,4.7,2
org.apache.lucenelucene-queryparser,4.7.0,2
org.apache.lucenelucene-queryparser,4.7.2,2
org.apache.lucenelucene-queryparser,4.8.0,5
org.apache.lucenelucene-queryparser,4.8.1,4
org.apache.lucenelucene-queryparser,4.9.0,6
org.apache.lucenelucene-queryparser,4.10.0,3
org.apache.lucenelucene-queryparser,4.10.1,1
org.apache.lucenelucene-queryparser,4.10.2,3
org.apache.lucenelucene-queryparser,4.10.3,5
org.apache.lucenelucene-queryparser,4.10.4,8
org.apache.lucenelucene-queryparser,5.0.0,1
org.apache.lucenelucene-queryparser,5.1.0,3
org.apache.lucenelucene-queryparser,5.2.0,1
org.apache.lucenelucene-queryparser,5.2.1,5
org.apache.lucenelucene-queryparser,5.3.0,7
org.apache.lucenelucene-queryparser,5.3.1,13
org.apache.lucenelucene-queryparser,5.4.0,6
org.apache.lucenelucene-queryparser,5.4.1,6
org.apache.lucenelucene-queryparser,5.5.0,5
org.apache.lucenelucene-queryparser,5.5.1,3
org.apache.lucenelucene-queryparser,5.5.2,3
org.apache.lucenelucene-queryparser,5.5.3,4
org.apache.lucenelucene-queryparser,5.5.4,3
org.apache.lucenelucene-queryparser,5.5.5,3
org.apache.lucenelucene-queryparser,6.0.0,7
org.apache.lucenelucene-queryparser,6.0.1,3
org.apache.lucenelucene-queryparser,6.1.0,4
org.apache.lucenelucene-queryparser,6.2.0,1
org.apache.lucenelucene-queryparser,6.3.0,4
org.apache.lucenelucene-queryparser,6.4.0,3
org.apache.lucenelucene-queryparser,6.4.1,4
org.apache.lucenelucene-queryparser,6.4.2,3
org.apache.lucenelucene-queryparser,6.5.0,4
org.apache.lucenelucene-queryparser,6.5.1,4
org.apache.lucenelucene-queryparser,6.6.0,6
org.apache.lucenelucene-queryparser,6.6.1,4
org.apache.lucenelucene-queryparser,6.6.2,3
org.apache.lucenelucene-queryparser,6.6.3,1
org.apache.lucenelucene-queryparser,6.6.4,1
org.apache.lucenelucene-queryparser,6.6.5,3
org.apache.lucenelucene-queryparser,6.6.6,1
org.apache.lucenelucene-queryparser,7.0.0,1
org.apache.lucenelucene-queryparser,7.1.0,6
org.apache.lucenelucene-queryparser,7.2.0,4
org.apache.lucenelucene-queryparser,7.2.1,4
org.apache.lucenelucene-queryparser,7.3.0,4
org.apache.lucenelucene-queryparser,7.3.1,5
org.apache.lucenelucene-queryparser,7.4.0,7
org.apache.lucenelucene-queryparser,7.5.0,7
org.apache.lucenelucene-queryparser,7.6.0,3
org.apache.lucenelucene-queryparser,7.7.0,4
org.apache.lucenelucene-queryparser,7.7.1,3
org.apache.lucenelucene-queryparser,7.7.2,2
org.apache.lucenelucene-queryparser,7.7.3,3
org.apache.lucenelucene-queryparser,8.0.0,4
org.apache.lucenelucene-queryparser,8.1.0,6
org.apache.lucenelucene-queryparser,8.1.1,3
org.apache.lucenelucene-queryparser,8.2.0,5
org.apache.lucenelucene-queryparser,8.3.0,2
org.apache.lucenelucene-queryparser,8.3.1,1
org.apache.lucenelucene-queryparser,8.4.0,4
org.apache.lucenelucene-queryparser,8.4.1,2
org.apache.lucenelucene-queryparser,8.5.0,1
org.apache.lucenelucene-queryparser,8.5.1,1
org.apache.lucenelucene-queryparser,8.5.2,3
org.apache.lucenelucene-queryparser,8.6.0,4
org.apache.lucenelucene-queryparser,8.6.1,1
org.apache.lucenelucene-queryparser,8.6.2,4
org.apache.lucenelucene-queryparser,8.6.3,4
org.apache.lucenelucene-queryparser,8.7.0,6
org.apache.lucenelucene-queryparser,8.8.0,3
org.apache.lucenelucene-queryparser,8.8.1,3
org.apache.lucenelucene-queryparser,8.8.2,5
org.apache.lucenelucene-queryparser,8.9.0,7
org.apache.lucenelucene-queryparser,8.10.0,5
org.apache.lucenelucene-queryparser,8.10.1,4
org.apache.lucenelucene-queryparser,8.11.0,3
org.apache.lucenelucene-queryparser,8.11.1,8
org.apache.lucenelucene-queryparser,8.11.2,4
org.apache.lucenelucene-queryparser,8.11.3,1
org.apache.lucenelucene-queryparser,9.0.0,4
org.apache.lucenelucene-queryparser,9.1.0,4
org.apache.lucenelucene-queryparser,9.2.0,3
org.apache.lucenelucene-queryparser,9.3.0,5
org.apache.lucenelucene-queryparser,9.4.0,2
org.apache.lucenelucene-queryparser,9.4.1,2
org.apache.lucenelucene-queryparser,9.4.2,4
org.apache.lucenelucene-queryparser,9.5.0,5
org.apache.lucenelucene-queryparser,9.6.0,4
org.apache.lucenelucene-queryparser,9.7.0,5
org.apache.lucenelucene-queryparser,9.8.0,6
org.apache.lucenelucene-queryparser,9.9.1,4
org.apache.lucenelucene-queryparser,9.10.0,7
org.apache.lucenelucene-queryparser,9.11.0,1
org.apache.lucenelucene-queryparser,9.12.0,1
org.apache.lucenelucene-queryparser,10.0.0,2
org.apache.lucenelucene-regex,2.4.1,1
org.apache.lucenelucene-regex,3.0.2,1
org.apache.lucenelucene-replicator,6.3.0,1
org.apache.lucenelucene-replicator,6.4.0,2
org.apache.lucenelucene-replicator,6.4.1,1
org.apache.lucenelucene-replicator,6.4.2,1
org.apache.lucenelucene-replicator,6.5.0,1
org.apache.lucenelucene-replicator,6.5.1,1
org.apache.lucenelucene-replicator,6.6.0,1
org.apache.lucenelucene-replicator,6.6.1,1
org.apache.lucenelucene-replicator,6.6.2,1
org.apache.lucenelucene-sandbox,4.9.0,1
org.apache.lucenelucene-sandbox,4.10.1,1
org.apache.lucenelucene-sandbox,4.10.2,1
org.apache.lucenelucene-sandbox,4.10.3,1
org.apache.lucenelucene-sandbox,4.10.4,1
org.apache.lucenelucene-sandbox,5.2.1,1
org.apache.lucenelucene-sandbox,5.3.0,1
org.apache.lucenelucene-sandbox,5.3.1,1
org.apache.lucenelucene-sandbox,5.4.0,1
org.apache.lucenelucene-sandbox,5.5.0,1
org.apache.lucenelucene-sandbox,6.0.0,1
org.apache.lucenelucene-sandbox,6.1.0,1
org.apache.lucenelucene-sandbox,6.2.0,1
org.apache.lucenelucene-sandbox,6.3.0,1
org.apache.lucenelucene-sandbox,6.4.0,1
org.apache.lucenelucene-sandbox,6.4.1,1
org.apache.lucenelucene-sandbox,6.4.2,1
org.apache.lucenelucene-sandbox,6.5.0,1
org.apache.lucenelucene-sandbox,6.6.0,1
org.apache.lucenelucene-sandbox,6.6.2,1
org.apache.lucenelucene-sandbox,7.7.3,1
org.apache.lucenelucene-sandbox,8.0.0,1
org.apache.lucenelucene-sandbox,9.0.0,2
org.apache.lucenelucene-sandbox,9.8.0,1
org.apache.lucenelucene-sandbox,9.10.0,1
org.apache.lucenelucene-sandbox,9.11.0,1
org.apache.lucenelucene-sandbox,9.12.0,1
org.apache.lucenelucene-sandbox,10.0.0,1
org.apache.lucenelucene-smartcn,3.0.3,1
org.apache.lucenelucene-snowball,2.4.1,1
org.apache.lucenelucene-snowball,3.0.3,1
org.apache.lucenelucene-spatial,3.5.0,1
org.apache.lucenelucene-spatial,4.3.0,1
org.apache.lucenelucene-spatial,4.4.0,1
org.apache.lucenelucene-spatial,4.7.0,1
org.apache.lucenelucene-spatial,5.0.0,1
org.apache.lucenelucene-spatial,5.3.0,1
org.apache.lucenelucene-spatial,5.3.1,1
org.apache.lucenelucene-spatial,5.5.1,1
org.apache.lucenelucene-spatial,5.5.3,1
org.apache.lucenelucene-spatial,6.3.0,2
org.apache.lucenelucene-spatial,6.4.0,2
org.apache.lucenelucene-spatial,6.4.1,1
org.apache.lucenelucene-spatial,6.4.2,1
org.apache.lucenelucene-spatial,6.5.0,1
org.apache.lucenelucene-spatial,6.5.1,1
org.apache.lucenelucene-spatial,6.6.0,1
org.apache.lucenelucene-spatial,6.6.1,1
org.apache.lucenelucene-spatial,6.6.2,1
org.apache.lucenelucene-spatial,6.6.3,1
org.apache.lucenelucene-spatial,6.6.4,1
org.apache.lucenelucene-spatial,6.6.5,1
org.apache.lucenelucene-spatial,7.2.0,1
org.apache.lucenelucene-spatial,7.3.1,1
org.apache.lucenelucene-spatial,7.7.0,1
org.apache.lucenelucene-spatial-extras,6.3.0,1
org.apache.lucenelucene-spatial-extras,6.4.0,1
org.apache.lucenelucene-spatial-extras,8.5.2,1
org.apache.lucenelucene-spatial-extras,8.6.0,1
org.apache.lucenelucene-spatial-extras,8.6.2,1
org.apache.lucenelucene-spatial-extras,8.6.3,1
org.apache.lucenelucene-spatial-extras,8.7.0,1
org.apache.lucenelucene-spatial-extras,8.8.0,1
org.apache.lucenelucene-spatial-extras,8.8.1,1
org.apache.lucenelucene-spatial-extras,8.8.2,1
org.apache.lucenelucene-spatial-extras,8.9.0,1
org.apache.lucenelucene-spatial-extras,8.10.0,1
org.apache.lucenelucene-spatial-extras,8.10.1,1
org.apache.lucenelucene-spatial-extras,8.11.0,1
org.apache.lucenelucene-spatial-extras,8.11.1,1
org.apache.lucenelucene-spatial-extras,8.11.2,1
org.apache.lucenelucene-spatial-extras,9.0.0,1
org.apache.lucenelucene-spatial-extras,9.1.0,1
org.apache.lucenelucene-spatial-extras,9.2.0,1
org.apache.lucenelucene-spatial-extras,9.3.0,1
org.apache.lucenelucene-spatial-extras,9.4.0,1
org.apache.lucenelucene-spatial-extras,9.5.0,1
org.apache.lucenelucene-spatial-extras,9.7.0,1
org.apache.lucenelucene-spatial-extras,9.8.0,1
org.apache.lucenelucene-spatial-extras,9.9.2,1
org.apache.lucenelucene-spatial-extras,9.10.0,2
org.apache.lucenelucene-spatial-extras,10.0.0,2
org.apache.lucenelucene-spatial3d,6.3.0,1
org.apache.lucenelucene-spatial3d,6.4.0,2
org.apache.lucenelucene-spatial3d,6.4.1,1
org.apache.lucenelucene-spatial3d,6.4.2,1
org.apache.lucenelucene-spatial3d,6.5.0,1
org.apache.lucenelucene-spatial3d,6.5.1,1
org.apache.lucenelucene-spatial3d,6.6.0,1
org.apache.lucenelucene-spatial3d,6.6.1,1
org.apache.lucenelucene-spatial3d,6.6.2,1
org.apache.lucenelucene-spatial3d,6.6.3,1
org.apache.lucenelucene-spatial3d,6.6.4,1
org.apache.lucenelucene-spatial3d,6.6.5,1
org.apache.lucenelucene-spatial3d,7.7.0,1
org.apache.lucenelucene-spatial3d,8.5.2,1
org.apache.lucenelucene-spatial3d,8.6.0,1
org.apache.lucenelucene-spatial3d,8.6.2,1
org.apache.lucenelucene-spatial3d,8.6.3,1
org.apache.lucenelucene-spatial3d,8.7.0,1
org.apache.lucenelucene-spatial3d,8.8.0,1
org.apache.lucenelucene-spatial3d,8.8.1,1
org.apache.lucenelucene-spatial3d,8.8.2,1
org.apache.lucenelucene-spatial3d,8.9.0,1
org.apache.lucenelucene-spatial3d,8.10.1,1
org.apache.lucenelucene-spatial3d,8.11.1,1
org.apache.lucenelucene-spatial3d,8.11.2,1
org.apache.lucenelucene-spatial3d,10.0.0,1
org.apache.lucenelucene-spellchecker,3.6.2,2
org.apache.lucenelucene-stempel,3.6.2,1
org.apache.lucenelucene-suggest,4.6.0,2
org.apache.lucenelucene-suggest,4.7.2,1
org.apache.lucenelucene-suggest,4.8.0,1
org.apache.lucenelucene-suggest,4.8.1,1
org.apache.lucenelucene-suggest,4.10.3,1
org.apache.lucenelucene-suggest,4.10.4,1
org.apache.lucenelucene-suggest,5.4.0,1
org.apache.lucenelucene-suggest,5.5.2,2
org.apache.lucenelucene-suggest,5.5.3,1
org.apache.lucenelucene-suggest,6.1.0,2
org.apache.lucenelucene-suggest,6.3.0,1
org.apache.lucenelucene-suggest,6.6.2,1
org.apache.lucenelucene-suggest,6.6.5,1
org.apache.lucenelucene-suggest,7.0.0,1
org.apache.lucenelucene-suggest,7.2.0,1
org.apache.lucenelucene-suggest,7.2.1,1
org.apache.lucenelucene-suggest,7.4.0,2
org.apache.lucenelucene-suggest,7.6.0,1
org.apache.lucenelucene-suggest,8.1.1,1
org.apache.lucenelucene-suggest,8.5.2,1
org.apache.lucenelucene-suggest,9.8.0,1
org.apache.lucenelucene-suggest,9.11.0,1
org.apache.lucenelucene-suggest,10.0.0,1
org.apache.lucenelucene-test-framework,3.6.0,22
org.apache.lucenelucene-test-framework,3.6.1,22
org.apache.lucenelucene-test-framework,4.0.0,2
org.apache.lucenelucene-test-framework,4.3.0,1
org.apache.lucenelucene-test-framework,4.4.0,1
org.apache.lucenelucene-test-framework,4.6.0,1
org.apache.lucenelucene-test-framework,4.7.0,2
org.apache.lucenelucene-test-framework,4.7.1,1
org.apache.lucenelucene-test-framework,4.7.2,1
org.apache.lucenelucene-test-framework,4.8.1,1
org.apache.lucenelucene-test-framework,4.9.0,1
org.apache.lucenelucene-test-framework,4.10.1,1
org.apache.lucenelucene-test-framework,4.10.2,1
org.apache.lucenelucene-test-framework,4.10.3,2
org.apache.lucenelucene-test-framework,4.10.4,1
org.apache.lucenelucene-test-framework,5.0.0,1
org.apache.lucenelucene-test-framework,5.1.0,3
org.apache.lucenelucene-test-framework,5.2.1,4
org.apache.lucenelucene-test-framework,5.3.0,1
org.apache.lucenelucene-test-framework,5.3.1,3
org.apache.lucenelucene-test-framework,5.4.0,3
org.apache.lucenelucene-test-framework,5.5.0,2
org.apache.lucenelucene-test-framework,5.5.2,2
org.apache.lucenelucene-test-framework,6.0,1
org.apache.lucenelucene-test-framework,6.0.0,4
org.apache.lucenelucene-test-framework,6.1.0,3
org.apache.lucenelucene-test-framework,6.2.0,4
org.apache.lucenelucene-test-framework,6.2.1,1
org.apache.lucenelucene-test-framework,6.3.0,2
org.apache.lucenelucene-test-framework,6.4.0,1
org.apache.lucenelucene-test-framework,6.4.1,3
org.apache.lucenelucene-test-framework,6.4.2,1
org.apache.lucenelucene-test-framework,6.5.0,2
org.apache.lucenelucene-test-framework,6.6.0,5
org.apache.lucenelucene-test-framework,6.6.1,3
org.apache.lucenelucene-test-framework,6.6.2,2
org.apache.lucenelucene-test-framework,7.1.0,3
org.apache.lucenelucene-test-framework,7.2.1,3
org.apache.lucenelucene-test-framework,7.3.1,1
org.apache.lucenelucene-test-framework,7.4.0,2
org.apache.lucenelucene-test-framework,7.5.0,1
org.apache.lucenelucene-test-framework,7.6.0,3
org.apache.lucenelucene-test-framework,7.7.0,1
org.apache.lucenelucene-test-framework,7.7.1,2
org.apache.lucenelucene-test-framework,8.0.0,5
org.apache.lucenelucene-test-framework,8.1.0,2
org.apache.lucenelucene-test-framework,8.2.0,4
org.apache.lucenelucene-test-framework,8.3.0,1
org.apache.lucenelucene-test-framework,8.4.0,2
org.apache.lucenelucene-test-framework,8.5.1,1
org.apache.lucenelucene-test-framework,8.6.0,1
org.apache.lucenelucene-test-framework,8.6.2,2
org.apache.lucenelucene-test-framework,8.7.0,2
org.apache.lucenelucene-test-framework,8.8.0,2
org.apache.lucenelucene-test-framework,8.8.2,1
org.apache.lucenelucene-test-framework,8.9.0,2
org.apache.lucenelucene-test-framework,8.10.1,1
org.apache.lucenelucene-test-framework,8.11.0,2
org.apache.lucenelucene-test-framework,9.0.0,4
org.apache.lucenelucene-test-framework,9.1,1
org.apache.lucenelucene-test-framework,9.1.0,2
org.apache.lucenelucene-test-framework,9.2.0,2
org.apache.lucenelucene-test-framework,9.3.0,5
org.apache.lucenelucene-test-framework,9.4.0,1
org.apache.lucenelucene-test-framework,9.4.1,2
org.apache.lucenelucene-test-framework,9.4.2,3
org.apache.lucenelucene-test-framework,9.5.0,4
org.apache.lucenelucene-test-framework,9.6.0,3
org.apache.lucenelucene-test-framework,9.7.0,3
org.apache.lucenelucene-test-framework,9.8.0,3
org.apache.lucenelucene-test-framework,9.9.1,3
org.apache.lucenelucene-test-framework,9.9.2,1
org.apache.lucenelucene-test-framework,9.10,1
org.apache.lucenelucene-test-framework,9.10.0,3
org.apache.lucenelucene-test-framework,9.11.0,2
org.apache.lucenelucene-test-framework,9.11.1,2
org.apache.lucenelucene-test-framework,9.12.0,1
org.apache.lucenelucene-test-framework,10.0.0,1
org.apache.lucenelucene-test-framework,10.1.0,1
